1 - Username = aman.sainioo777	  Name =  arman saini	( Follow )
2 - Username = _.fnf_	  Name =  👟FIT n FINE👞	( Follow )
3 - Username = gndec.ldh	  Name =  GNDEC COLLEGE	( Follow )
4 - Username = vk_05.11	  Name =  viratkohli18	( Follow )
5 - Username = ankushaggarwalll	  Name =  Ankush aggarwal	( Following )
6 - Username = __monty1118	  Name =  Abhishek Gupta	( Following )
7 - Username = beck_guinevere_	  Name =  Beck Guinevere	( Follow )
8 - Username = agbeforeu	  Name =  gupta ji.	( Following )
9 - Username = gne_clg	  Name =  guru Nanak Dev engg clg	( Follow )
1 - Username = aman.sainioo777	  Name =  arman saini	( Follow )
2 - Username = _.fnf_	  Name =  👟FIT n FINE👞	( Follow )
3 - Username = gndec.ldh	  Name =  GNDEC COLLEGE	( Follow )
4 - Username = vk_05.11	  Name =  viratkohli18	( Follow )
5 - Username = ankushaggarwalll	  Name =  Ankush aggarwal	( Following )
6 - Username = __monty1118	  Name =  Abhishek Gupta	( Following )
7 - Username = beck_guinevere_	  Name =  Beck Guinevere	( Follow )
8 - Username = agbeforeu	  Name =  gupta ji.	( Following )
9 - Username = gne_clg	  Name =  guru Nanak Dev engg clg	( Follow )
10 - Username = 7_strangers	  Name =  7 STRANGERS 🎭	( Follow )
11 - Username = gaurav_____23	  Name =  Gaurav yadav	( Following )
12 - Username = gndecstudents	  Name =  GNDEC Students	( Follow )
13 - Username = apna_gne	  Name =  ਆਪਣਾ ਜੀ.ਐਨ.ਈ	( Follow )
14 - Username = kulvirz	  Name =  Kulvir Singh	( Following )
15 - Username = rahulmaheshwary	  Name =  Rahul Maheshwary	( Following )
16 - Username = jaideep_singh_js8	  Name =  Jaideep Singh	( Following )
17 - Username = harjotbamrah	  Name =  Harjot Bamrah🌈	( Following )
18 - Username = hamzakhan143._	  Name =  ♛ GuRuツB¤i ♛	( Follow )
19 - Username = byfaithon	  Name =  By faith	( Follow )
20 - Username = neetu.bhamra3088	  Name =  neetu	( Following )
21 - Username = jot_____virk	  Name =  Jot Virk	( Following )
22 - Username = abvp.purcldh	  Name =  ABVP PURC LDH.	( Follow )
23 - Username = amanchauhan2432	  Name =  Aman Chauhan	( Following )
24 - Username = josephsachdeva	  Name =  Joseph Sachdeva	( Following )
25 - Username = devansh_bhushan	  Name =  Devansh Bhushan	( Following )
26 - Username = kundal_sumit	  Name =  ਸੁਮਿਤ ਕੁੰਡਲ	( Follow )
27 - Username = lamour__3028	  Name =  گرپریت کور	( Following )
28 - Username = bhavya.garg108	  Name =  Bhavu	( Follow )
29 - Username = dashveen_thukral	  Name =  THUKRAL🌸🖤	( Following )
30 - Username = vaibhavsharma950170	  Name =  vaibhav sharma	( Follow )
31 - Username = kunal__singla_98	  Name =  kunal _new	( Following )
32 - Username = dhanda2216	  Name =  Er. Sandeep Dhanda	( Following )
33 - Username = omandeepsingh	  Name =  Omandeep Singh Malhi	( Following )
34 - Username = gndec_administrator_	  Name =  GNE LUDHIANA 📚	( Follow )
35 - Username = aditya.raj.sharma_9	  Name =  🧔Aditya Raj Sharma🧔	( Following )
36 - Username = er_manik_walia	  Name =  Manik Walia	( Following )
37 - Username = scie_gndec	  Name =  SCIE GNDEC	( Following )
38 - Username = pushpinder._.mani	  Name =  P U S H P I N D E R 〰 ( ਚੋਬਰ )	( Following )
39 - Username = tamannatangri	  Name =  Tamanna Tangri	( Following )
40 - Username = pratiksha__13	  Name =  Pratiksha	( Following )
41 - Username = chahat_m28	  Name =  Chahat Mahajan	( Following )
42 - Username = muskan_1611	  Name =  Muskan Pasricha	( Following )
43 - Username = fashion_887galary	  Name =  fashion_galary887	( Follow )
44 - Username = gurinderrani	  Name =  Gurinder Rani	( Following )
45 - Username = _aditya_sharmaz_	  Name =  Aditya Sharma(AD)	( Following )
46 - Username = _fun_punjabi	  Name =  FUN PUNJABI	( Follow )
47 - Username = selfmademillionaires_011	  Name =  	( Follow )
48 - Username = yuvraj_8941	  Name =  YuVraj TaKkar	( Following )
49 - Username = kaur___dhillon98	  Name =  kaur_dhillon	( Follow )
50 - Username = abhithakur171	  Name =  Abhi Thakur	( Follow )
51 - Username = i_am_jagjeetsingh	  Name =  JAGJEET SINGH ☬	( Following )
52 - Username = agam_arora29	  Name =  Agam_ARora	( Following )
53 - Username = gurpreetsingh4558	  Name =  Gurpreet Singh🍒🍒🍭	( Follow )
54 - Username = official__genconian	  Name =  G.N.E Er's	( Follow )
55 - Username = simran.setia	  Name =  Simran Setia	( Following )
56 - Username = saini9946	  Name =  Abhishek Saini	( Following )
57 - Username = puneetbali_13	  Name =  Puneet Bali	( Following )
58 - Username = ragini.mahajan.792	  Name =  Ragini Mahajan	( Follow )
59 - Username = nimishkapur_	  Name =  Nimish Kapur	( Following )
60 - Username = gurpreetbrar__	  Name =  GURPREET 🦁 BRAR	( Following )
61 - Username = itz_vishu27	  Name =  Vishal Singla	( Following )
62 - Username = siddharth8367	  Name =  siddharth	( Following )
63 - Username = gurneet_2210	  Name =  	( Following )
64 - Username = divu20__	  Name =  ❤❤Đïvńəēt Ķåüŕ ❤❤	( Following )
65 - Username = chadha210	  Name =  Tushar Chadha	( Follow )
66 - Username = manveenk97	  Name =  Manveen Kaur	( Following )
67 - Username = devanshbhushan1002	  Name =  devansh bhushan	( Following )
68 - Username = bajajdiksha21	  Name =  Diksha Bajaj 🌸	( Following )
69 - Username = 007.niharika	  Name =  Niharika Khurana	( Following )
70 - Username = rahulkanda_0999	  Name =  Rahul Verma	( Following )
71 - Username = ravikiran.p	  Name =  Ravikiran P Rao	( Following )
72 - Username = sin_palash	  Name =  Palashdeep Singh	( Following )
73 - Username = words_you_nvr_noticed	  Name =  ❤❤Đïvńəēt Ķåüŕ ❤❤	( Following )
74 - Username = jp.makkar	  Name =  Jp Makkar	( Following )
75 - Username = _lotey.param	  Name =  Param Lotey	( Following )
76 - Username = harneet__dhaliwal	  Name =  【﻿ਹਰਨੀਤ ਕੌਰ】	( Following )
77 - Username = _palak.thapar	  Name =  Palak	( Following )
78 - Username = harveersingh16	  Name =  harveersingh	( Following )
79 - Username = rushant.narula	  Name =  Rushant Narula👑🌟🏏	( Following )
80 - Username = lovishchauhan__	  Name =  Lovish	( Following )
81 - Username = _taran.singh	  Name =  Taranpreet Singh	( Following )
82 - Username = karanjotvilkhu	  Name =  Karanjot Singh Vilkhu	( Following )
83 - Username = raghav_bansal27	  Name =  Raghav Bansal	( Following )
84 - Username = ya.sh__sipani	  Name =  yash sipani	( Following )
85 - Username = a_b_h_i_abhishek	  Name =  Abhi Abhishek	( Following )
86 - Username = kscrreations	  Name =  K S Crreations	( Follow )
87 - Username = anoopkapoor4752	  Name =  anoopkapoor	( Follow )
88 - Username = meghazz89	  Name =  Megha	( Following )
89 - Username = wrya_yilmaz	  Name =  wrya yilmaz	( Follow )
90 - Username = the_constant__variable	  Name =  Awaldeep Singh	( Following )
91 - Username = ritu_sood__	  Name =  Ritu Sood	( Follow )
92 - Username = jatin.harjai	  Name =  Jatin Harjai	( Following )
93 - Username = sahilahuja96	  Name =  	( Following )
94 - Username = rahul_garg_19	  Name =  RAHUL	( Following )
95 - Username = gurdeepsingh9192	  Name =  gurdeep singh	( Following )
96 - Username = shashanksingh1997	  Name =  Shashank Singh	( Following )
97 - Username = kherasanchit	  Name =  Sanchit Khera	( Following )
98 - Username = jagnoor_singh01	  Name =  ਜਗਨੂਰ ਸਿੰਘ	( Following )
99 - Username = sauravawal	  Name =  Saurav Awal	( Following )
